0,1,2,3,4,5,6,7,8,9
Sai Parenteral's Ltd. IPO,"Tue, Mar 24, 2026","Fri, Mar 27, 2026",,372.00 to 392.00,408.79,"BSE, NSE",Arihant Capital,,2026
Powerica Ltd. IPO,"Tue, Mar 24, 2026","Fri, Mar 27, 2026",,375.00 to 395.00,"1,100.00","BSE, NSE",ICICI Securities,,2026
Amir Chand Jagdish Kumar (Exports) Ltd. IPO,"Tue, Mar 24, 2026","Fri, Mar 27, 2026",,,440.00,"BSE, NSE",Emkay Global,,2026
Tipco Engineering India Ltd. IPO,"Mon, Mar 23, 2026","Wed, Mar 25, 2026",,84.00 to 89.00,60.55,BSE SME,Smart Horizon Capital,,2026
Central Mine Planning & Design Institute Ltd. IPO,"Fri, Mar 20, 2026","Tue, Mar 24, 2026",,163.00 to 172.00,"1,842.12","BSE, NSE",IDBI Capital Markets,,2026
Speciality Medicines Ltd. IPO,"Fri, Mar 20, 2026","Tue, Mar 24, 2026",,117.00 to 124.00,29.14,BSE SME,Unistone Capital,,2026
Novus Loyalty Ltd. IPO O,"Tue, Mar 17, 2026","Fri, Mar 20, 2026",,139.00 to 146.00,60.15,BSE SME,Smart Horizon Capital,,2026
GSP Crop Science Ltd. IPO CT,"Mon, Mar 16, 2026","Wed, Mar 18, 2026",,304.00 to 320.00,400.00,"BSE, NSE",Equirus Capital,,2026
Raajmarg Infra Investment Trust InvIT P,"Wed, Mar 11, 2026","Fri, Mar 13, 2026","Tue, Mar 24, 2026T",,"6,000.00","BSE, NSE",SBICAP,,2026
Apsis Aerocom Ltd. IPO LT,"Wed, Mar 11, 2026","Fri, Mar 13, 2026","Wed, Mar 18, 2026",110.00,35.77,NSE SME,Oneview Corporate,,2026
Innovision Ltd. IPO P,"Tue, Mar 10, 2026","Tue, Mar 17, 2026","Fri, Mar 20, 2026T",519.00,319.25,"BSE, NSE",Emkay Global,,2026
Rajputana Stainless Ltd. IPO P,"Mon, Mar 09, 2026","Wed, Mar 11, 2026","Fri, Mar 20, 2026T",116.00 to 122.00,254.98,"BSE, NSE",Nirbhay Capital,,2026
Srinibas Pradhan Constructions Ltd. IPO,"Fri, Mar 06, 2026","Tue, Mar 10, 2026","Fri, Mar 13, 2026",98.00,20.32,NSE SME,Fast Track Finsec,,2026
Elfin Agro India Ltd. IPO,"Thu, Mar 05, 2026","Mon, Mar 09, 2026","Thu, Mar 12, 2026",47.00,25.03,BSE SME,Finshore Management,,2026
SEDEMAC Mechatronics Ltd. IPO,"Wed, Mar 04, 2026","Fri, Mar 06, 2026","Wed, Mar 11, 2026",1352.00,"1,087.35","BSE, NSE",ICICI Securities,,2026
Acetech E-Commerce Ltd. IPO,"Fri, Feb 27, 2026","Wed, Mar 04, 2026","Mon, Mar 09, 2026",112.00,48.95,NSE SME,Gretex Corporate,,2026
Striders Impex Ltd. IPO,"Thu, Feb 26, 2026","Mon, Mar 02, 2026","Fri, Mar 06, 2026",72.00,36.29,NSE SME,Capital Square,,2026
Yaap Digital Ltd. IPO,"Wed, Feb 25, 2026","Fri, Feb 27, 2026","Thu, Mar 05, 2026",145.00,80.11,NSE SME,Socradamus Capital,,2026
Omnitech Engineering Ltd. IPO,"Wed, Feb 25, 2026","Fri, Feb 27, 2026","Thu, Mar 05, 2026",227.00,583.00,"BSE, NSE",Equirus Capital,,2026
PNGS Reva Diamond Jewellery Ltd. IPO,"Tue, Feb 24, 2026","Thu, Feb 26, 2026","Wed, Mar 04, 2026",386.00,379.52,"BSE, NSE",Smart Horizon Capital,,2026
Shree Ram Twistex Ltd. IPO,"Mon, Feb 23, 2026","Wed, Feb 25, 2026","Mon, Mar 02, 2026",104.00,110.24,"BSE, NSE",Interactive Financial,,2026
Mobilise App Lab Ltd. IPO,"Mon, Feb 23, 2026","Wed, Feb 25, 2026","Mon, Mar 02, 2026",80.00,20.10,NSE SME,Corporate Capitalventures,,2026
Clean Max Enviro Energy Solutions Ltd. IPO,"Mon, Feb 23, 2026","Wed, Feb 25, 2026","Mon, Mar 02, 2026",1053.00,"3,079.88","BSE, NSE",Axis Capital,,2026
Accord Transformer & Switchgear Ltd. IPO,"Mon, Feb 23, 2026","Wed, Feb 25, 2026","Mon, Mar 02, 2026",46.00,25.59,BSE SME,GYR Capital,,2026
Kiaasa Retail Ltd. IPO,"Mon, Feb 23, 2026","Wed, Feb 25, 2026","Mon, Mar 02, 2026",127.00,69.74,BSE SME,Expert Global,,2026
Sai Parenteral's Ltd. IPO,"Tue, Mar 24, 2026","Fri, Mar 27, 2026",,372.00 to 392.00,408.79,"BSE, NSE",Arihant Capital,,2025
Powerica Ltd. IPO,"Tue, Mar 24, 2026","Fri, Mar 27, 2026",,375.00 to 395.00,"1,100.00","BSE, NSE",ICICI Securities,,2025
Amir Chand Jagdish Kumar (Exports) Ltd. IPO,"Tue, Mar 24, 2026","Fri, Mar 27, 2026",,,440.00,"BSE, NSE",Emkay Global,,2025
Tipco Engineering India Ltd. IPO,"Mon, Mar 23, 2026","Wed, Mar 25, 2026",,84.00 to 89.00,60.55,BSE SME,Smart Horizon Capital,,2025
Central Mine Planning & Design Institute Ltd. IPO,"Fri, Mar 20, 2026","Tue, Mar 24, 2026",,163.00 to 172.00,"1,842.12","BSE, NSE",IDBI Capital Markets,,2025
Speciality Medicines Ltd. IPO,"Fri, Mar 20, 2026","Tue, Mar 24, 2026",,117.00 to 124.00,29.14,BSE SME,Unistone Capital,,2025
Novus Loyalty Ltd. IPO O,"Tue, Mar 17, 2026","Fri, Mar 20, 2026",,139.00 to 146.00,60.15,BSE SME,Smart Horizon Capital,,2025
GSP Crop Science Ltd. IPO CT,"Mon, Mar 16, 2026","Wed, Mar 18, 2026",,304.00 to 320.00,400.00,"BSE, NSE",Equirus Capital,,2025
Raajmarg Infra Investment Trust InvIT P,"Wed, Mar 11, 2026","Fri, Mar 13, 2026","Tue, Mar 24, 2026T",,"6,000.00","BSE, NSE",SBICAP,,2025
Apsis Aerocom Ltd. IPO LT,"Wed, Mar 11, 2026","Fri, Mar 13, 2026","Wed, Mar 18, 2026",110.00,35.77,NSE SME,Oneview Corporate,,2025
Innovision Ltd. IPO P,"Tue, Mar 10, 2026","Tue, Mar 17, 2026","Fri, Mar 20, 2026T",519.00,319.25,"BSE, NSE",Emkay Global,,2025
Rajputana Stainless Ltd. IPO P,"Mon, Mar 09, 2026","Wed, Mar 11, 2026","Fri, Mar 20, 2026T",116.00 to 122.00,254.98,"BSE, NSE",Nirbhay Capital,,2025
Srinibas Pradhan Constructions Ltd. IPO,"Fri, Mar 06, 2026","Tue, Mar 10, 2026","Fri, Mar 13, 2026",98.00,20.32,NSE SME,Fast Track Finsec,,2025
Elfin Agro India Ltd. IPO,"Thu, Mar 05, 2026","Mon, Mar 09, 2026","Thu, Mar 12, 2026",47.00,25.03,BSE SME,Finshore Management,,2025
SEDEMAC Mechatronics Ltd. IPO,"Wed, Mar 04, 2026","Fri, Mar 06, 2026","Wed, Mar 11, 2026",1352.00,"1,087.35","BSE, NSE",ICICI Securities,,2025
Acetech E-Commerce Ltd. IPO,"Fri, Feb 27, 2026","Wed, Mar 04, 2026","Mon, Mar 09, 2026",112.00,48.95,NSE SME,Gretex Corporate,,2025
Striders Impex Ltd. IPO,"Thu, Feb 26, 2026","Mon, Mar 02, 2026","Fri, Mar 06, 2026",72.00,36.29,NSE SME,Capital Square,,2025
Yaap Digital Ltd. IPO,"Wed, Feb 25, 2026","Fri, Feb 27, 2026","Thu, Mar 05, 2026",145.00,80.11,NSE SME,Socradamus Capital,,2025
Omnitech Engineering Ltd. IPO,"Wed, Feb 25, 2026","Fri, Feb 27, 2026","Thu, Mar 05, 2026",227.00,583.00,"BSE, NSE",Equirus Capital,,2025
PNGS Reva Diamond Jewellery Ltd. IPO,"Tue, Feb 24, 2026","Thu, Feb 26, 2026","Wed, Mar 04, 2026",386.00,379.52,"BSE, NSE",Smart Horizon Capital,,2025
Shree Ram Twistex Ltd. IPO,"Mon, Feb 23, 2026","Wed, Feb 25, 2026","Mon, Mar 02, 2026",104.00,110.24,"BSE, NSE",Interactive Financial,,2025
Mobilise App Lab Ltd. IPO,"Mon, Feb 23, 2026","Wed, Feb 25, 2026","Mon, Mar 02, 2026",80.00,20.10,NSE SME,Corporate Capitalventures,,2025
Clean Max Enviro Energy Solutions Ltd. IPO,"Mon, Feb 23, 2026","Wed, Feb 25, 2026","Mon, Mar 02, 2026",1053.00,"3,079.88","BSE, NSE",Axis Capital,,2025
Accord Transformer & Switchgear Ltd. IPO,"Mon, Feb 23, 2026","Wed, Feb 25, 2026","Mon, Mar 02, 2026",46.00,25.59,BSE SME,GYR Capital,,2025
Kiaasa Retail Ltd. IPO,"Mon, Feb 23, 2026","Wed, Feb 25, 2026","Mon, Mar 02, 2026",127.00,69.74,BSE SME,Expert Global,,2025
Sai Parenteral's Ltd. IPO,"Tue, Mar 24, 2026","Fri, Mar 27, 2026",,372.00 to 392.00,408.79,"BSE, NSE",Arihant Capital,,2024
Powerica Ltd. IPO,"Tue, Mar 24, 2026","Fri, Mar 27, 2026",,375.00 to 395.00,"1,100.00","BSE, NSE",ICICI Securities,,2024
Amir Chand Jagdish Kumar (Exports) Ltd. IPO,"Tue, Mar 24, 2026","Fri, Mar 27, 2026",,,440.00,"BSE, NSE",Emkay Global,,2024
Tipco Engineering India Ltd. IPO,"Mon, Mar 23, 2026","Wed, Mar 25, 2026",,84.00 to 89.00,60.55,BSE SME,Smart Horizon Capital,,2024
Central Mine Planning & Design Institute Ltd. IPO,"Fri, Mar 20, 2026","Tue, Mar 24, 2026",,163.00 to 172.00,"1,842.12","BSE, NSE",IDBI Capital Markets,,2024
Speciality Medicines Ltd. IPO,"Fri, Mar 20, 2026","Tue, Mar 24, 2026",,117.00 to 124.00,29.14,BSE SME,Unistone Capital,,2024
Novus Loyalty Ltd. IPO O,"Tue, Mar 17, 2026","Fri, Mar 20, 2026",,139.00 to 146.00,60.15,BSE SME,Smart Horizon Capital,,2024
GSP Crop Science Ltd. IPO CT,"Mon, Mar 16, 2026","Wed, Mar 18, 2026",,304.00 to 320.00,400.00,"BSE, NSE",Equirus Capital,,2024
Raajmarg Infra Investment Trust InvIT P,"Wed, Mar 11, 2026","Fri, Mar 13, 2026","Tue, Mar 24, 2026T",,"6,000.00","BSE, NSE",SBICAP,,2024
Apsis Aerocom Ltd. IPO LT,"Wed, Mar 11, 2026","Fri, Mar 13, 2026","Wed, Mar 18, 2026",110.00,35.77,NSE SME,Oneview Corporate,,2024
Innovision Ltd. IPO P,"Tue, Mar 10, 2026","Tue, Mar 17, 2026","Fri, Mar 20, 2026T",519.00,319.25,"BSE, NSE",Emkay Global,,2024
Rajputana Stainless Ltd. IPO P,"Mon, Mar 09, 2026","Wed, Mar 11, 2026","Fri, Mar 20, 2026T",116.00 to 122.00,254.98,"BSE, NSE",Nirbhay Capital,,2024
Srinibas Pradhan Constructions Ltd. IPO,"Fri, Mar 06, 2026","Tue, Mar 10, 2026","Fri, Mar 13, 2026",98.00,20.32,NSE SME,Fast Track Finsec,,2024
Elfin Agro India Ltd. IPO,"Thu, Mar 05, 2026","Mon, Mar 09, 2026","Thu, Mar 12, 2026",47.00,25.03,BSE SME,Finshore Management,,2024
SEDEMAC Mechatronics Ltd. IPO,"Wed, Mar 04, 2026","Fri, Mar 06, 2026","Wed, Mar 11, 2026",1352.00,"1,087.35","BSE, NSE",ICICI Securities,,2024
Acetech E-Commerce Ltd. IPO,"Fri, Feb 27, 2026","Wed, Mar 04, 2026","Mon, Mar 09, 2026",112.00,48.95,NSE SME,Gretex Corporate,,2024
Striders Impex Ltd. IPO,"Thu, Feb 26, 2026","Mon, Mar 02, 2026","Fri, Mar 06, 2026",72.00,36.29,NSE SME,Capital Square,,2024
Yaap Digital Ltd. IPO,"Wed, Feb 25, 2026","Fri, Feb 27, 2026","Thu, Mar 05, 2026",145.00,80.11,NSE SME,Socradamus Capital,,2024
Omnitech Engineering Ltd. IPO,"Wed, Feb 25, 2026","Fri, Feb 27, 2026","Thu, Mar 05, 2026",227.00,583.00,"BSE, NSE",Equirus Capital,,2024
PNGS Reva Diamond Jewellery Ltd. IPO,"Tue, Feb 24, 2026","Thu, Feb 26, 2026","Wed, Mar 04, 2026",386.00,379.52,"BSE, NSE",Smart Horizon Capital,,2024
Shree Ram Twistex Ltd. IPO,"Mon, Feb 23, 2026","Wed, Feb 25, 2026","Mon, Mar 02, 2026",104.00,110.24,"BSE, NSE",Interactive Financial,,2024
Mobilise App Lab Ltd. IPO,"Mon, Feb 23, 2026","Wed, Feb 25, 2026","Mon, Mar 02, 2026",80.00,20.10,NSE SME,Corporate Capitalventures,,2024
Clean Max Enviro Energy Solutions Ltd. IPO,"Mon, Feb 23, 2026","Wed, Feb 25, 2026","Mon, Mar 02, 2026",1053.00,"3,079.88","BSE, NSE",Axis Capital,,2024
Accord Transformer & Switchgear Ltd. IPO,"Mon, Feb 23, 2026","Wed, Feb 25, 2026","Mon, Mar 02, 2026",46.00,25.59,BSE SME,GYR Capital,,2024
Kiaasa Retail Ltd. IPO,"Mon, Feb 23, 2026","Wed, Feb 25, 2026","Mon, Mar 02, 2026",127.00,69.74,BSE SME,Expert Global,,2024
Sai Parenteral's Ltd. IPO,"Tue, Mar 24, 2026","Fri, Mar 27, 2026",,372.00 to 392.00,408.79,"BSE, NSE",Arihant Capital,,2023
Powerica Ltd. IPO,"Tue, Mar 24, 2026","Fri, Mar 27, 2026",,375.00 to 395.00,"1,100.00","BSE, NSE",ICICI Securities,,2023
Amir Chand Jagdish Kumar (Exports) Ltd. IPO,"Tue, Mar 24, 2026","Fri, Mar 27, 2026",,,440.00,"BSE, NSE",Emkay Global,,2023
Tipco Engineering India Ltd. IPO,"Mon, Mar 23, 2026","Wed, Mar 25, 2026",,84.00 to 89.00,60.55,BSE SME,Smart Horizon Capital,,2023
Central Mine Planning & Design Institute Ltd. IPO,"Fri, Mar 20, 2026","Tue, Mar 24, 2026",,163.00 to 172.00,"1,842.12","BSE, NSE",IDBI Capital Markets,,2023
Speciality Medicines Ltd. IPO,"Fri, Mar 20, 2026","Tue, Mar 24, 2026",,117.00 to 124.00,29.14,BSE SME,Unistone Capital,,2023
Novus Loyalty Ltd. IPO O,"Tue, Mar 17, 2026","Fri, Mar 20, 2026",,139.00 to 146.00,60.15,BSE SME,Smart Horizon Capital,,2023
GSP Crop Science Ltd. IPO CT,"Mon, Mar 16, 2026","Wed, Mar 18, 2026",,304.00 to 320.00,400.00,"BSE, NSE",Equirus Capital,,2023
Raajmarg Infra Investment Trust InvIT P,"Wed, Mar 11, 2026","Fri, Mar 13, 2026","Tue, Mar 24, 2026T",,"6,000.00","BSE, NSE",SBICAP,,2023
Apsis Aerocom Ltd. IPO LT,"Wed, Mar 11, 2026","Fri, Mar 13, 2026","Wed, Mar 18, 2026",110.00,35.77,NSE SME,Oneview Corporate,,2023
Innovision Ltd. IPO P,"Tue, Mar 10, 2026","Tue, Mar 17, 2026","Fri, Mar 20, 2026T",519.00,319.25,"BSE, NSE",Emkay Global,,2023
Rajputana Stainless Ltd. IPO P,"Mon, Mar 09, 2026","Wed, Mar 11, 2026","Fri, Mar 20, 2026T",116.00 to 122.00,254.98,"BSE, NSE",Nirbhay Capital,,2023
Srinibas Pradhan Constructions Ltd. IPO,"Fri, Mar 06, 2026","Tue, Mar 10, 2026","Fri, Mar 13, 2026",98.00,20.32,NSE SME,Fast Track Finsec,,2023
Elfin Agro India Ltd. IPO,"Thu, Mar 05, 2026","Mon, Mar 09, 2026","Thu, Mar 12, 2026",47.00,25.03,BSE SME,Finshore Management,,2023
SEDEMAC Mechatronics Ltd. IPO,"Wed, Mar 04, 2026","Fri, Mar 06, 2026","Wed, Mar 11, 2026",1352.00,"1,087.35","BSE, NSE",ICICI Securities,,2023
Acetech E-Commerce Ltd. IPO,"Fri, Feb 27, 2026","Wed, Mar 04, 2026","Mon, Mar 09, 2026",112.00,48.95,NSE SME,Gretex Corporate,,2023
Striders Impex Ltd. IPO,"Thu, Feb 26, 2026","Mon, Mar 02, 2026","Fri, Mar 06, 2026",72.00,36.29,NSE SME,Capital Square,,2023
Yaap Digital Ltd. IPO,"Wed, Feb 25, 2026","Fri, Feb 27, 2026","Thu, Mar 05, 2026",145.00,80.11,NSE SME,Socradamus Capital,,2023
Omnitech Engineering Ltd. IPO,"Wed, Feb 25, 2026","Fri, Feb 27, 2026","Thu, Mar 05, 2026",227.00,583.00,"BSE, NSE",Equirus Capital,,2023
PNGS Reva Diamond Jewellery Ltd. IPO,"Tue, Feb 24, 2026","Thu, Feb 26, 2026","Wed, Mar 04, 2026",386.00,379.52,"BSE, NSE",Smart Horizon Capital,,2023
Shree Ram Twistex Ltd. IPO,"Mon, Feb 23, 2026","Wed, Feb 25, 2026","Mon, Mar 02, 2026",104.00,110.24,"BSE, NSE",Interactive Financial,,2023
Mobilise App Lab Ltd. IPO,"Mon, Feb 23, 2026","Wed, Feb 25, 2026","Mon, Mar 02, 2026",80.00,20.10,NSE SME,Corporate Capitalventures,,2023
Clean Max Enviro Energy Solutions Ltd. IPO,"Mon, Feb 23, 2026","Wed, Feb 25, 2026","Mon, Mar 02, 2026",1053.00,"3,079.88","BSE, NSE",Axis Capital,,2023
Accord Transformer & Switchgear Ltd. IPO,"Mon, Feb 23, 2026","Wed, Feb 25, 2026","Mon, Mar 02, 2026",46.00,25.59,BSE SME,GYR Capital,,2023
Kiaasa Retail Ltd. IPO,"Mon, Feb 23, 2026","Wed, Feb 25, 2026","Mon, Mar 02, 2026",127.00,69.74,BSE SME,Expert Global,,2023
